{
  "best_val_metrics": {
    "accuracy": 0.5,
    "auc": 1.0,
    "bce_loss": 0.8001037845652521,
    "f1": 0.6666666666666666
  },
  "train_history": [
    {
      "accuracy": 1.0,
      "auc": 0.5,
      "bce_loss": 0.5095893311552483,
      "epoch": 1.0,
      "f1": 1.0,
      "loss": 0.5095892548561096
    }
  ],
  "val_history": [
    {
      "accuracy": 0.5,
      "auc": 1.0,
      "bce_loss": 0.8001037845652521,
      "epoch": 1.0,
      "f1": 0.6666666666666666
    }
  ]
}