{
  "best_val_metrics": {
    "accuracy": 0.5,
    "auc": 0.3333333333333333,
    "bce_loss": 0.7823650503587114,
    "f1": 0.5
  },
  "train_history": [
    {
      "accuracy": 0.0,
      "auc": 0.0,
      "bce_loss": 0.8062978583179927,
      "epoch": 1.0,
      "f1": 0.0,
      "loss": 0.8062978982925415
    },
    {
      "accuracy": 0.75,
      "auc": 0.6666666666666666,
      "bce_loss": 0.5614079558226597,
      "epoch": 2.0,
      "f1": 0.8,
      "loss": 0.5614079236984253
    }
  ],
  "val_history": [
    {
      "accuracy": 0.25,
      "auc": 0.3333333333333333,
      "bce_loss": 0.8294117571958382,
      "epoch": 1.0,
      "f1": 0.0
    },
    {
      "accuracy": 0.5,
      "auc": 0.3333333333333333,
      "bce_loss": 0.7823650503587114,
      "epoch": 2.0,
      "f1": 0.5
    }
  ]
}