{
  "best_val_metrics": {
    "accuracy": 0.5,
    "auc": 0.6666666666666666,
    "bce_loss": 0.6827878721966892,
    "f1": 0.5
  },
  "train_history": [
    {
      "accuracy": 0.25,
      "auc": 0.6666666666666666,
      "bce_loss": 0.7724812785236363,
      "epoch": 1.0,
      "f1": 0.0,
      "loss": 0.7724813222885132
    },
    {
      "accuracy": 0.75,
      "auc": 1.0,
      "bce_loss": 0.5150325462717348,
      "epoch": 2.0,
      "f1": 0.8,
      "loss": 0.5150325745344162
    }
  ],
  "val_history": [
    {
      "accuracy": 0.5,
      "auc": 0.6666666666666666,
      "bce_loss": 0.6827878721966892,
      "epoch": 1.0,
      "f1": 0.5
    },
    {
      "accuracy": 0.5,
      "auc": 0.3333333333333333,
      "bce_loss": 0.9363125620327288,
      "epoch": 2.0,
      "f1": 0.5
    }
  ]
}