{
  "best_val_metrics": {
    "accuracy": 0.25,
    "auc": 0.6666666666666666,
    "bce_loss": 0.9299334518988205,
    "f1": 0.4
  },
  "train_history": [
    {
      "accuracy": 0.75,
      "auc": 0.6666666666666666,
      "bce_loss": 0.7088648861006148,
      "epoch": 1.0,
      "f1": 0.8,
      "loss": 0.7088649272918701
    },
    {
      "accuracy": 0.75,
      "auc": 1.0,
      "bce_loss": 0.4698061199853148,
      "epoch": 2.0,
      "f1": 0.8571428571428571,
      "loss": 0.46980610489845276
    }
  ],
  "val_history": [
    {
      "accuracy": 0.25,
      "auc": 0.6666666666666666,
      "bce_loss": 0.9299334518988205,
      "epoch": 1.0,
      "f1": 0.4
    },
    {
      "accuracy": 0.25,
      "auc": 0.3333333333333333,
      "bce_loss": 1.084803641673482,
      "epoch": 2.0,
      "f1": 0.4
    }
  ]
}