{
  "best_val_metrics": {
    "accuracy": 0.25,
    "auc": 0.6666666666666666,
    "bce_loss": 0.7310113239836281,
    "f1": 0.4
  },
  "train_history": [
    {
      "accuracy": 0.0,
      "auc": 0.0,
      "bce_loss": 0.7238163586577774,
      "epoch": 1.0,
      "f1": 0.0,
      "loss": 0.7238163586577773
    },
    {
      "accuracy": 0.75,
      "auc": 0.3333333333333333,
      "bce_loss": 0.6818853573976329,
      "epoch": 2.0,
      "f1": 0.8571428571428571,
      "loss": 0.6818853573976329
    }
  ],
  "val_history": [
    {
      "accuracy": 0.75,
      "auc": 0.6666666666666666,
      "bce_loss": 0.692135464292998,
      "epoch": 1.0,
      "f1": 0.6666666666666666
    },
    {
      "accuracy": 0.25,
      "auc": 0.6666666666666666,
      "bce_loss": 0.7310113239836281,
      "epoch": 2.0,
      "f1": 0.4
    }
  ]
}